Semaine;London (GB);Paris (FR);Amsterdam (NL);Barcelona (ES);Lille (FR);Madrid (ES);Lisbon (PT);Prague (CZ);Berlin (DE);stanbul (TR);Budapest (HU);Wien (AT);Strasbourg (FR);Athens (GR);Dublin (IE);Lyon (FR);Frankfurt am Main (DE);Marseille (FR);München (DE);Stockholm (SE);Copenhagen (DK);Bordeaux (FR);Genève (CH);Tours (FR);Hamburg (DE);Toulouse (FR);Montpellier (FR);Nantes (FR);Avignon (FR);Monaco (MC);Dijon (FR);Aix en Provence (FR)
2019-01-06;79,00;92,62;32,69;24,52;0,50;21,00;13,00;22,00;28,00;10,00;24,00;10,00;3,00;11,00;9,00;2,00;8,00;4,00;13,00;7,00;12,00;1,00;2,00;1,00;4,00;1,00;0,50;1,00;0,00;3,00;0,50;0,50
2019-01-13;80,00;69,33;26,67;24,00;0,50;26,00;13,00;22,00;23,00;9,00;25,00;9,00;4,00;11,00;9,00;3,00;7,00;2,00;11,00;7,00;8,00;1,00;2,00;1,00;4,00;1,00;1,00;1,00;0,50;3,00;0,00;0,50
2019-01-20;69,00;61,04;23,88;21,23;0,50;22,00;14,00;18,00;24,00;8,00;21,00;9,00;1,00;11,00;8,00;3,00;8,00;2,00;11,00;6,00;9,00;1,00;2,00;1,00;3,00;1,00;1,00;1,00;1,00;2,00;0,50;0,50
2019-01-27;66,00;44,88;23,76;18,48;1,00;25,00;14,00;17,00;23,00;8,00;23,00;10,00;3,00;11,00;7,00;1,00;8,00;3,00;8,00;4,00;8,00;1,00;1,00;0,50;3,00;1,00;1,00;1,00;1,00;4,00;0,00;0,50
2019-02-03;69,00;47,77;18,58;15,92;0,50;19,00;13,00;18,00;23,00;8,00;21,00;10,00;2,00;11,00;10,00;1,00;7,00;1,00;8,00;6,00;9,00;1,00;2,00;0,50;3,00;0,00;0,50;0,50;0,50;5,00;0,00;0,00
2019-02-10;68,00;43,52;21,76;19,04;0,50;24,00;11,00;19,00;23,00;8,00;20,00;9,00;2,00;9,00;10,00;1,00;4,00;3,00;8,00;5,00;8,00;2,00;2,00;0,50;3,00;1,00;1,00;1,00;0,50;4,00;0,50;0,50
2019-02-17;67,00;40,20;24,12;21,44;0,50;22,00;15,00;20,00;25,00;7,00;23,00;11,00;3,00;13,00;9,00;2,00;7,00;4,00;7,00;7,00;9,00;1,00;2,00;0,50;2,00;0,00;1,00;0,00;0,50;6,00;0,00;0,00
2019-02-24;76,00;48,86;21,71;24,43;0,50;23,00;15,00;20,00;20,00;9,00;20,00;8,00;3,00;11,00;8,00;0,50;7,00;4,00;8,00;6,00;12,00;1,00;3,00;0,50;2,00;1,00;0,00;1,00;0,50;5,00;0,00;0,00
2019-03-03;74,00;43,85;24,67;21,93;0,50;21,00;13,00;24,00;23,00;9,00;20,00;10,00;2,00;10,00;7,00;1,00;7,00;4,00;7,00;8,00;13,00;1,00;4,00;0,00;4,00;0,50;0,50;0,50;1,00;6,00;0,00;0,50
2019-03-10;72,00;45,33;29,33;24,00;0,50;21,00;12,00;21,00;22,00;9,00;21,00;10,00;2,00;12,00;11,00;2,00;10,00;2,00;8,00;7,00;9,00;2,00;3,00;0,00;4,00;0,50;0,50;1,00;0,00;6,00;0,00;0,50
2019-03-17;74,00;44,93;29,07;23,79;0,00;21,00;15,00;22,00;19,00;8,00;20,00;9,00;2,00;12,00;8,00;2,00;7,00;4,00;9,00;6,00;9,00;2,00;2,00;0,50;2,00;0,50;1,00;1,00;0,50;4,00;0,00;0,50
2019-03-24;64,00;48,00;24,00;21,33;0,50;22,00;15,00;23,00;18,00;9,00;19,00;11,00;4,00;14,00;7,00;2,00;8,00;3,00;10,00;7,00;10,00;2,00;3,00;0,50;3,00;0,50;1,00;1,00;0,00;5,00;0,00;0,50
2019-03-31;68,00;47,08;20,92;26,15;0,00;22,00;11,00;24,00;24,00;11,00;19,00;10,00;3,00;14,00;10,00;2,00;5,00;3,00;12,00;7,00;7,00;2,00;3,00;0,50;5,00;1,00;0,50;1,00;0,50;3,00;0,00;1,00
2019-04-07;74,00;52,86;23,79;26,43;0,50;20,00;13,00;24,00;22,00;11,00;19,00;12,00;3,00;16,00;10,00;3,00;7,00;4,00;14,00;6,00;7,00;2,00;2,00;1,00;3,00;1,00;0,50;1,00;0,50;4,00;0,00;0,50
2019-04-14;64,00;266,67;18,67;24,00;0,50;22,00;13,00;18,00;21,00;11,00;20,00;9,00;3,00;11,00;10,00;3,00;7,00;3,00;15,00;8,00;11,00;1,00;2,00;1,00;4,00;2,00;0,50;1,00;0,00;3,00;0,00;0,50
2019-04-21;76,00;62,43;21,71;27,14;1,00;20,00;11,00;21,00;23,00;12,00;27,00;14,00;3,00;14,00;5,00;2,00;7,00;4,00;12,00;8,00;12,00;2,00;3,00;2,00;3,00;1,00;1,00;0,50;0,50;5,00;0,00;1,00
2019-04-28;69,00;47,77;18,58;26,54;0,50;21,00;13,00;17,00;21,00;12,00;18,00;8,00;3,00;10,00;8,00;3,00;9,00;4,00;25,00;8,00;11,00;1,00;1,00;1,00;4,00;1,00;1,00;0,50;1,00;5,00;0,00;1,00
2019-05-05;66,00;52,80;21,12;29,04;1,00;22,00;11,00;16,00;21,00;10,00;15,00;7,00;2,00;13,00;7,00;1,00;9,00;2,00;14,00;8,00;9,00;1,00;2,00;1,00;2,00;1,00;0,50;1,00;0,50;3,00;0,00;0,50
2019-05-12;61,00;50,39;15,91;23,87;0,50;21,00;11,00;13,00;20,00;10,00;19,00;8,00;1,00;11,00;9,00;2,00;6,00;2,00;11,00;6,00;6,00;1,00;3,00;0,50;2,00;1,00;0,50;1,00;0,50;4,00;0,00;0,50
2019-05-19;51,00;53,68;18,79;29,53;1,00;16,00;10,00;14,00;19,00;6,00;17,00;9,00;3,00;8,00;7,00;5,00;9,00;2,00;10,00;7,00;8,00;3,00;5,00;0,00;3,00;1,00;1,00;1,00;1,00;5,00;0,50;0,50
2019-05-26;55,00;44,52;13,10;23,57;1,00;16,00;11,00;11,00;19,00;8,00;22,00;10,00;3,00;8,00;6,00;1,00;4,00;4,00;8,00;6,00;9,00;1,00;1,00;1,00;2,00;1,00;1,00;0,50;0,50;6,00;0,50;0,50
2019-06-02;57,00;54,29;16,29;27,14;1,00;19,00;10,00;17,00;20,00;7,00;16,00;7,00;2,00;12,00;7,00;3,00;5,00;3,00;11,00;6,00;9,00;1,00;2,00;0,50;4,00;1,00;0,50;1,00;0,00;3,00;0,50;0,50
2019-06-09;61,00;53,04;15,91;26,52;0,50;17,00;11,00;16,00;19,00;10,00;18,00;11,00;1,00;11,00;8,00;2,00;7,00;4,00;16,00;7,00;7,00;3,00;4,00;1,00;4,00;1,00;0,50;1,00;1,00;5,00;0,00;0,50
2019-06-16;61,00;50,39;18,57;26,52;1,00;19,00;8,00;15,00;22,00;10,00;21,00;11,00;2,00;11,00;9,00;2,00;6,00;3,00;11,00;7,00;9,00;1,00;2,00;1,00;2,00;1,00;1,00;0,50;0,50;4,00;0,50;0,50
2019-06-23;62,00;51,22;16,17;24,26;1,00;13,00;11,00;17,00;20,00;10,00;16,00;12,00;2,00;13,00;9,00;2,00;7,00;4,00;10,00;8,00;10,00;2,00;3,00;0,50;5,00;2,00;1,00;1,00;1,00;5,00;0,00;0,00
2019-06-30;66,00;50,16;18,48;26,40;1,00;18,00;10,00;17,00;20,00;10,00;16,00;9,00;2,00;13,00;12,00;2,00;7,00;3,00;12,00;7,00;7,00;3,00;3,00;1,00;3,00;1,00;0,00;1,00;1,00;3,00;0,00;1,00
2019-07-07;68,00;48,96;24,48;27,20;0,50;17,00;10,00;17,00;21,00;11,00;21,00;11,00;2,00;11,00;13,00;1,00;9,00;4,00;12,00;9,00;9,00;2,00;3,00;1,00;3,00;0,00;1,00;2,00;0,50;3,00;1,00;0,50
2019-07-14;64,00;56,00;16,00;32,00;0,50;17,00;15,00;17,00;23,00;12,00;18,00;13,00;1,00;20,00;11,00;4,00;6,00;5,00;13,00;8,00;8,00;1,00;2,00;1,00;4,00;2,00;0,50;1,00;0,50;3,00;0,50;0,00
2019-07-21;73,00;64,89;24,33;32,44;1,00;23,00;14,00;22,00;24,00;12,00;22,00;13,00;3,00;15,00;9,00;3,00;8,00;4,00;15,00;10,00;9,00;2,00;2,00;1,00;4,00;2,00;1,00;2,00;1,00;3,00;0,50;0,50
2019-07-28;73,00;59,48;27,04;32,44;3,00;23,00;16,00;24,00;29,00;13,00;28,00;13,00;1,00;13,00;14,00;2,00;9,00;5,00;16,00;10,00;9,00;1,00;3,00;1,00;4,00;1,00;1,00;2,00;0,00;2,00;0,50;0,50
2019-08-04;76,00;62,43;29,86;40,71;1,00;22,00;14,00;27,00;31,00;20,00;28,00;14,00;3,00;17,00;13,00;5,00;9,00;7,00;21,00;14,00;19,00;3,00;3,00;1,00;4,00;1,00;1,00;0,50;0,50;5,00;0,50;0,50
2019-08-11;84,00;59,61;27,10;29,81;2,00;23,00;14,00;24,00;29,00;12,00;32,00;19,00;4,00;12,00;9,00;5,00;6,00;7,00;20,00;13,00;16,00;3,00;3,00;1,00;4,00;2,00;1,00;2,00;1,00;5,00;0,50;0,50
2019-08-18;76,00;59,71;29,86;35,29;1,00;21,00;14,00;24,00;26,00;16,00;31,00;12,00;3,00;11,00;9,00;3,00;7,00;4,00;19,00;9,00;14,00;2,00;3,00;1,00;3,00;1,00;1,00;1,00;0,00;5,00;0,50;0,50
2019-08-25;69,00;55,73;21,23;29,19;1,00;26,00;12,00;23,00;22,00;15,00;22,00;13,00;3,00;14,00;9,00;3,00;10,00;3,00;19,00;9,00;13,00;4,00;1,00;0,50;2,00;1,00;1,00;1,00;0,50;5,00;0,50;0,50
2019-09-01;77,00;58,41;23,90;26,55;1,00;22,00;12,00;23,00;22,00;14,00;21,00;14,00;2,00;12,00;9,00;1,00;8,00;4,00;16,00;9,00;13,00;3,00;4,00;1,00;3,00;2,00;0,50;1,00;1,00;5,00;0,50;0,50
2019-09-08;72,00;56,00;24,00;24,00;0,00;20,00;14,00;24,00;17,00;13,00;24,00;14,00;2,00;10,00;9,00;3,00;5,00;4,00;20,00;6,00;9,00;2,00;2,00;1,00;5,00;2,00;1,00;1,00;1,00;5,00;0,00;0,00
2019-09-15;72,00;58,67;21,33;29,33;0,50;22,00;9,00;29,00;25,00;28,00;28,00;11,00;2,00;8,00;9,00;2,00;7,00;3,00;17,00;7,00;9,00;2,00;2,00;0,50;3,00;2,00;0,50;1,00;0,00;4,00;0,00;0,50
2019-09-22;77,00;63,72;18,59;29,21;1,00;22,00;13,00;22,00;23,00;15,00;23,00;9,00;2,00;7,00;9,00;2,00;5,00;1,00;20,00;8,00;9,00;3,00;3,00;1,00;2,00;1,00;0,50;1,00;0,50;5,00;0,00;0,00
2019-09-29;78,00;61,86;24,21;24,21;1,00;21,00;10,00;30,00;20,00;10,00;26,00;12,00;3,00;10,00;12,00;2,00;8,00;3,00;18,00;6,00;13,00;2,00;2,00;0,50;3,00;1,00;0,50;1,00;0,50;4,00;0,00;0,00
2019-10-06;78,00;64,55;21,52;24,21;0,00;22,00;14,00;23,00;22,00;11,00;24,00;12,00;2,00;8,00;6,00;2,00;7,00;4,00;15,00;6,00;9,00;2,00;3,00;1,00;3,00;2,00;0,50;2,00;0,50;2,00;0,50;0,50
2019-10-13;71,00;62,81;19,12;32,77;0,50;21,00;10,00;20,00;23,00;12,00;22,00;12,00;3,00;8,00;8,00;3,00;7,00;4,00;18,00;26,00;10,00;3,00;3,00;1,00;4,00;1,00;0,50;1,00;1,00;3,00;0,50;0,50
2019-10-20;69,00;63,69;23,88;21,23;1,00;21,00;10,00;27,00;21,00;9,00;20,00;11,00;4,00;7,00;8,00;3,00;6,00;3,00;15,00;5,00;9,00;3,00;3,00;0,00;2,00;1,00;0,50;1,00;0,50;2,00;0,50;0,50
2019-10-27;71,00;99,93;18,41;21,04;1,00;18,00;13,00;26,00;23,00;9,00;19,00;13,00;2,00;6,00;6,00;3,00;6,00;3,00;18,00;6,00;11,00;2,00;3,00;1,00;2,00;1,00;1,00;1,00;0,50;3,00;0,50;0,50
2019-11-03;73,00;67,59;21,63;21,63;0,50;19,00;8,00;24,00;35,00;9,00;24,00;15,00;3,00;8,00;7,00;1,00;6,00;3,00;12,00;5,00;10,00;1,00;1,00;0,00;2,00;1,00;0,50;1,00;0,00;2,00;0,50;0,00
2019-11-10;83,00;69,61;24,10;21,42;1,00;22,00;11,00;26,00;30,00;9,00;23,00;15,00;3,00;7,00;9,00;2,00;5,00;3,00;13,00;6,00;10,00;2,00;2,00;0,50;4,00;1,00;0,50;1,00;0,50;4,00;0,50;0,00
2019-11-17;78,00;61,86;24,21;18,83;1,00;20,00;10,00;25,00;29,00;8,00;28,00;12,00;3,00;8,00;9,00;3,00;4,00;4,00;11,00;6,00;9,00;2,00;1,00;0,50;3,00;1,00;0,50;1,00;0,50;3,00;0,00;0,50
2019-11-24;100,00;70,27;27,03;18,92;0,00;19,00;14,00;33,00;21,00;15,00;24,00;14,00;3,00;8,00;6,00;2,00;6,00;4,00;12,00;6,00;12,00;2,00;2,00;1,00;2,00;2,00;0,50;1,00;0,00;3,00;1,00;0,50
2019-12-01;75,00;64,29;21,43;16,07;1,00;17,00;8,00;21,00;24,00;10,00;27,00;16,00;4,00;8,00;6,00;1,00;8,00;2,00;12,00;6,00;10,00;2,00;2,00;0,00;2,00;0,50;0,50;1,00;0,50;3,00;0,00;0,50
2019-12-08;60,00;57,27;19,09;16,36;0,50;19,00;11,00;24,00;20,00;7,00;23,00;12,00;4,00;7,00;7,00;3,00;4,00;3,00;11,00;5,00;8,00;2,00;1,00;1,00;2,00;1,00;0,00;0,50;0,50;2,00;0,00;0,00
2019-12-15;56,00;56,00;16,00;18,67;1,00;18,00;8,00;23,00;19,00;9,00;23,00;13,00;3,00;7,00;6,00;3,00;4,00;2,00;9,00;4,00;8,00;2,00;2,00;1,00;2,00;2,00;0,50;0,50;0,50;3,00;0,00;0,50
2019-12-22;73,00;75,70;21,63;24,33;0,50;16,00;12,00;31,00;22,00;11,00;32,00;16,00;2,00;9,00;6,00;3,00;7,00;2,00;15,00;6,00;12,00;2,00;4,00;0,50;2,00;0,50;0,50;0,50;0,00;6,00;0,50;0,00
2019-12-29;91,00;85,65;24,09;29,44;0,00;25,00;13,00;24,00;23,00;14,00;33,00;17,00;3,00;11,00;11,00;3,00;6,00;3,00;19,00;7,00;13,00;1,00;3,00;1,00;3,00;1,00;0,00;1,00;0,00;7,00;0,00;1,00
2020-01-05;81,00;72,90;24,30;24,30;0,50;20,00;15,00;27,00;23,00;8,00;25,00;12,00;2,00;9,00;8,00;1,00;8,00;3,00;12,00;7,00;9,00;1,00;3,00;0,00;3,00;1,00;0,50;1,00;0,50;5,00;0,00;0,50
2020-01-12;73,00;67,59;27,04;24,33;0,50;22,00;13,00;20,00;23,00;10,00;24,00;9,00;3,00;10,00;9,00;3,00;6,00;2,00;11,00;5,00;10,00;2,00;2,00;0,50;3,00;1,00;1,00;1,00;0,00;3,00;0,00;0,00
2020-01-19;69,00;58,38;26,54;29,19;1,00;19,00;12,00;21,00;22,00;6,00;25,00;10,00;2,00;9,00;8,00;2,00;6,00;3,00;9,00;4,00;10,00;2,00;2,00;1,00;2,00;1,00;0,00;0,50;0,50;3,00;0,50;1,00
2020-01-26;72,00;56,00;24,00;21,33;0,50;18,00;10,00;14,00;19,00;8,00;23,00;11,00;3,00;9,00;8,00;2,00;7,00;2,00;7,00;5,00;10,00;2,00;2,00;1,00;2,00;1,00;0,50;0,00;0,50;2,00;0,00;0,50
2020-02-02;70,00;48,46;16,15;21,54;0,50;19,00;11,00;12,00;21,00;10,00;18,00;8,00;4,00;8,00;8,00;3,00;7,00;3,00;8,00;5,00;7,00;2,00;2,00;1,00;2,00;2,00;1,00;2,00;0,50;1,00;0,00;0,50
2020-02-09;71,00;57,35;21,85;21,85;0,50;15,00;12,00;17,00;21,00;10,00;18,00;10,00;3,00;9,00;10,00;2,00;8,00;3,00;12,00;3,00;5,00;1,00;3,00;0,50;3,00;1,00;0,50;1,00;1,00;4,00;0,00;0,00
2020-02-16;65,00;48,75;21,67;18,96;1,00;19,00;13,00;17,00;21,00;8,00;21,00;9,00;2,00;10,00;7,00;2,00;5,00;2,00;7,00;5,00;8,00;2,00;3,00;1,00;2,00;1,00;0,50;1,00;0,50;2,00;0,00;0,50
2020-02-23;55,00;39,29;15,71;15,71;0,50;15,00;5,00;9,00;17,00;6,00;12,00;5,00;1,00;5,00;5,00;2,00;8,00;2,00;7,00;3,00;8,00;1,00;2,00;0,50;2,00;1,00;0,50;0,00;0,00;2,00;0,50;0,50
2020-03-01;50,00;44,44;11,11;13,89;0,50;13,00;6,00;8,00;14,00;5,00;10,00;3,00;1,00;5,00;6,00;1,00;6,00;2,00;6,00;2,00;6,00;1,00;1,00;0,00;2,00;1,00;0,50;0,50;0,00;3,00;0,00;0,00
2020-03-08;41,00;27,33;8,20;13,67;0,00;11,00;3,00;4,00;9,00;2,00;6,00;3,00;1,00;4,00;2,00;1,00;4,00;1,00;6,00;1,00;5,00;0,50;1,00;0,50;1,00;0,00;0,00;0,50;0,50;1,00;0,00;0,00
2020-03-15;45,00;18,53;5,29;5,29;0,50;8,00;3,00;4,00;8,00;4,00;3,00;1,00;1,00;5,00;2,00;1,00;4,00;2,00;5,00;3,00;3,00;0,50;1,00;0,50;1,00;0,50;0,00;0,00;0,00;2,00;0,50;0,00
2020-03-22;35,00;18,85;2,69;5,38;0,50;9,00;2,00;6,00;6,00;4,00;3,00;2,00;1,00;6,00;2,00;1,00;1,00;1,00;4,00;3,00;3,00;0,50;0,50;0,50;1,00;0,50;0,00;0,50;0,50;2,00;0,50;0,00
2020-03-29;26,00;15,60;5,20;5,20;0,00;4,00;2,00;4,00;10,00;4,00;4,00;1,00;1,00;4,00;2,00;0,00;1,00;1,00;4,00;4,00;1,00;0,50;1,00;0,50;1,00;0,00;0,50;0,50;0,50;1,00;0,00;0,00
2020-04-05;22,00;16,50;2,75;5,50;0,00;4,00;2,00;3,00;8,00;3,00;3,00;1,00;1,00;2,00;0,50;0,50;1,00;0,50;3,00;8,00;2,00;0,00;0,50;0,50;1,00;0,50;0,50;0,00;0,00;2,00;0,00;0,00
2020-04-12;20,00;17,50;2,50;5,00;0,50;5,00;1,00;4,00;9,00;4,00;5,00;1,00;0,50;3,00;2,00;0,00;1,00;1,00;2,00;5,00;3,00;0,50;0,50;0,50;1,00;0,50;0,50;0,50;0,50;1,00;0,00;0,00
2020-04-19;23,00;17,25;2,88;2,88;0,00;5,00;2,00;5,00;9,00;2,00;3,00;1,00;1,00;4,00;2,00;1,00;2,00;1,00;4,00;3,00;3,00;1,00;0,50;0,50;1,00;0,50;0,00;0,50;0,50;3,00;0,00;0,00
2020-04-26;22,00;13,75;2,75;2,75;0,50;5,00;2,00;4,00;9,00;4,00;3,00;1,00;1,00;4,00;2,00;0,50;2,00;0,50;3,00;3,00;2,00;0,50;0,50;0,00;1,00;0,00;0,50;0,00;0,50;1,00;0,00;0,00
2020-05-03;21,00;13,13;2,63;2,63;0,00;5,00;2,00;4,00;8,00;3,00;4,00;2,00;1,00;3,00;1,00;1,00;1,00;1,00;3,00;3,00;4,00;0,50;0,50;0,50;0,50;0,00;0,00;0,00;0,50;1,00;0,00;0,50
2020-05-10;22,00;16,50;2,75;5,50;0,00;3,00;2,00;3,00;8,00;2,00;3,00;2,00;1,00;1,00;2,00;0,50;2,00;1,00;3,00;3,00;2,00;0,00;0,50;0,00;1,00;0,50;0,50;0,00;0,00;2,00;0,00;0,00
2020-05-17;21,00;15,75;5,25;10,50;0,00;5,00;2,00;3,00;8,00;4,00;3,00;2,00;2,00;4,00;3,00;1,00;2,00;1,00;4,00;2,00;3,00;1,00;1,00;0,50;1,00;0,50;0,50;0,50;0,00;2,00;0,00;0,50
2020-05-24;23,00;15,33;2,56;7,67;0,50;5,00;2,00;3,00;6,00;3,00;2,00;2,00;1,00;5,00;1,00;1,00;2,00;0,50;4,00;3,00;1,00;0,50;1,00;0,00;1,00;0,50;0,50;0,50;0,00;2,00;0,00;0,00
2020-05-31;26,00;15,60;2,60;5,20;0,50;4,00;3,00;5,00;7,00;4,00;2,00;2,00;1,00;6,00;1,00;1,00;3,00;1,00;2,00;2,00;2,00;0,50;1,00;0,50;2,00;0,50;0,50;0,50;0,50;2,00;0,00;0,00
2020-06-07;19,00;16,29;5,43;8,14;0,00;5,00;2,00;3,00;6,00;3,00;4,00;2,00;0,50;3,00;2,00;0,50;2,00;1,00;3,00;2,00;3,00;0,50;1,00;1,00;1,00;0,50;0,50;0,50;0,00;1,00;0,00;0,50
2020-06-14;17,00;19,83;5,67;8,50;0,50;4,00;4,00;6,00;7,00;4,00;3,00;3,00;1,00;5,00;1,00;2,00;4,00;1,00;4,00;2,00;2,00;0,50;2,00;0,00;2,00;0,50;0,50;0,50;0,50;2,00;0,00;0,00
2020-06-21;19,00;19,00;8,14;10,86;0,00;7,00;7,00;3,00;5,00;4,00;5,00;3,00;0,50;4,00;2,00;1,00;2,00;2,00;3,00;3,00;2,00;1,00;1,00;1,00;1,00;0,00;0,50;0,50;0,50;3,00;0,00;0,50
2020-06-28;16,00;21,33;5,33;8,00;0,00;4,00;3,00;4,00;6,00;5,00;5,00;3,00;2,00;5,00;2,00;1,00;2,00;1,00;4,00;2,00;4,00;1,00;1,00;0,50;2,00;1,00;0,50;0,50;0,50;3,00;0,00;0,00
2020-07-05;18,00;18,00;5,14;7,71;0,00;6,00;4,00;5,00;9,00;9,00;3,00;3,00;2,00;6,00;2,00;2,00;2,00;2,00;6,00;2,00;3,00;0,50;1,00;0,00;2,00;1,00;1,00;1,00;0,50;2,00;0,00;0,00
2020-07-12;20,00;20,00;5,71;11,43;0,50;7,00;5,00;5,00;7,00;19,00;5,00;4,00;1,00;6,00;2,00;2,00;2,00;1,00;3,00;3,00;3,00;0,50;1,00;0,50;1,00;1,00;0,50;1,00;1,00;3,00;0,50;1,00
2020-07-19;20,00;20,00;5,00;10,00;0,50;4,00;3,00;6,00;6,00;8,00;6,00;5,00;1,00;6,00;4,00;1,00;3,00;2,00;6,00;3,00;4,00;1,00;3,00;1,00;1,00;1,00;0,50;1,00;0,50;3,00;0,50;0,50
2020-07-26;22,00;22,00;8,25;8,25;1,00;6,00;4,00;8,00;8,00;5,00;6,00;5,00;1,00;5,00;3,00;1,00;2,00;3,00;4,00;2,00;2,00;1,00;1,00;0,50;1,00;1,00;0,50;1,00;1,00;2,00;0,50;0,50
2020-08-02;25,00;22,22;8,33;8,33;0,00;6,00;6,00;6,00;9,00;5,00;5,00;4,00;1,00;6,00;3,00;2,00;3,00;2,00;8,00;3,00;4,00;0,50;3,00;0,50;2,00;0,50;0,50;0,50;0,00;3,00;0,50;0,50
2020-08-09;22,00;27,50;8,25;8,25;0,50;7,00;6,00;11,00;9,00;5,00;8,00;6,00;1,00;5,00;2,00;3,00;2,00;2,00;8,00;2,00;8,00;1,00;1,00;0,50;1,00;1,00;0,50;0,50;0,50;4,00;0,00;1,00
2020-08-16;28,00;19,60;8,40;5,60;0,00;3,00;6,00;6,00;10,00;6,00;6,00;3,00;1,00;3,00;3,00;1,00;3,00;2,00;7,00;4,00;4,00;1,00;1,00;0,00;2,00;0,50;0,50;0,50;0,00;4,00;0,50;0,00
2020-08-23;25,00;22,22;8,33;5,56;0,50;5,00;5,00;7,00;9,00;7,00;5,00;3,00;2,00;4,00;2,00;1,00;3,00;1,00;6,00;2,00;3,00;1,00;1,00;0,50;2,00;0,50;0,50;0,50;0,00;3,00;0,50;0,00
2020-08-30;26,00;20,80;7,80;5,20;0,50;6,00;4,00;5,00;10,00;4,00;4,00;3,00;1,00;5,00;3,00;1,00;2,00;0,50;7,00;3,00;5,00;1,00;1,00;0,00;2,00;0,00;0,00;0,50;0,00;3,00;0,50;0,00
2020-09-06;28,00;20,36;5,09;5,09;0,50;4,00;4,00;6,00;6,00;5,00;3,00;4,00;1,00;3,00;3,00;1,00;2,00;1,00;5,00;3,00;2,00;1,00;2,00;0,50;1,00;0,50;0,00;0,50;0,00;2,00;0,50;0,00
2020-09-13;33,00;16,50;5,50;5,50;0,50;5,00;3,00;5,00;9,00;5,00;4,00;5,00;2,00;2,00;4,00;1,00;3,00;1,00;5,00;2,00;3,00;0,50;1,00;1,00;1,00;0,50;0,50;0,00;0,00;2,00;0,00;0,50
2020-09-20;25,00;30,56;8,33;5,56;0,50;5,00;4,00;6,00;8,00;3,00;5,00;4,00;1,00;2,00;2,00;1,00;3,00;1,00;6,00;2,00;4,00;0,50;1,00;0,50;2,00;1,00;0,50;0,50;0,00;2,00;0,00;0,00
2020-09-27;22,00;19,25;5,50;5,50;0,00;6,00;3,00;6,00;6,00;3,00;4,00;4,00;1,00;2,00;2,00;0,50;2,00;1,00;5,00;2,00;4,00;0,50;1,00;0,00;2,00;0,50;0,00;0,50;0,00;4,00;0,50;0,50
2020-10-04;20,00;20,00;7,50;5,00;0,00;5,00;3,00;4,00;7,00;4,00;3,00;2,00;2,00;3,00;2,00;1,00;2,00;1,00;4,00;2,00;3,00;0,50;1,00;0,00;2,00;0,50;0,50;0,50;0,50;2,00;0,50;0,00
2020-10-11;22,00;19,25;2,75;5,50;0,50;5,00;1,00;4,00;6,00;3,00;3,00;2,00;2,00;2,00;2,00;1,00;3,00;1,00;3,00;2,00;2,00;1,00;1,00;1,00;1,00;0,50;0,50;0,50;0,00;1,00;0,00;0,50
2020-10-18;22,00;16,50;2,75;2,75;0,50;5,00;1,00;4,00;6,00;3,00;2,00;2,00;1,00;2,00;2,00;1,00;3,00;1,00;3,00;2,00;2,00;1,00;1,00;0,00;2,00;0,50;0,00;0,50;0,00;1,00;0,50;0,00
2020-10-25;20,00;22,86;2,86;2,86;0,00;5,00;2,00;5,00;6,00;2,00;4,00;1,00;1,00;2,00;2,00;2,00;3,00;0,50;3,00;10,00;2,00;0,50;1,00;0,50;1,00;0,50;0,50;0,50;1,00;1,00;0,50;0,00
2020-11-01;20,00;42,86;2,86;5,71;0,50;4,00;2,00;2,00;6,00;4,00;4,00;8,00;1,00;2,00;1,00;0,00;1,00;0,50;2,00;4,00;2,00;0,50;0,00;0,00;1,00;0,00;0,00;0,00;0,00;1,00;0,50;0,00
2020-11-08;23,00;17,25;2,88;5,75;0,50;3,00;2,00;4,00;7,00;9,00;3,00;1,00;1,00;1,00;2,00;0,50;1,00;0,50;2,00;4,00;2,00;0,00;0,00;1,00;1,00;0,00;0,00;0,00;0,00;1,00;0,00;0,00
2020-11-15;24,00;13,33;2,67;2,67;0,00;4,00;1,00;3,00;5,00;6,00;3,00;2,00;1,00;2,00;1,00;0,50;2,00;1,00;1,00;2,00;3,00;0,50;0,50;0,50;1,00;0,00;0,50;0,50;0,00;1,00;0,00;0,00
2020-11-22;22,00;16,50;2,75;2,75;0,50;4,00;2,00;2,00;5,00;3,00;3,00;1,00;1,00;3,00;1,00;0,50;1,00;0,50;2,00;2,00;2,00;1,00;1,00;0,00;0,50;0,50;0,00;0,00;0,00;2,00;0,00;0,00
2020-11-29;22,00;19,25;2,75;2,75;0,00;6,00;3,00;12,00;5,00;4,00;4,00;1,00;2,00;2,00;2,00;1,00;1,00;1,00;3,00;3,00;1,00;1,00;0,50;0,50;1,00;0,50;0,50;0,00;0,00;1,00;0,00;0,00
2020-12-06;25,00;19,44;2,78;5,56;0,50;5,00;1,00;7,00;5,00;5,00;2,00;1,00;3,00;3,00;2,00;0,50;3,00;1,00;4,00;4,00;2,00;0,50;1,00;0,50;1,00;0,50;0,00;0,00;0,50;2,00;0,50;0,00
2020-12-13;26,00;13,00;2,60;2,60;0,50;4,00;1,00;2,00;4,00;3,00;3,00;2,00;2,00;2,00;2,00;1,00;1,00;1,00;3,00;4,00;3,00;0,50;0,50;0,50;1,00;0,50;0,00;0,00;0,00;3,00;0,50;0,50
2020-12-20;50,00;13,16;5,26;2,63;0,00;4,00;2,00;4,00;6,00;3,00;3,00;1,00;4,00;2,00;3,00;1,00;2,00;0,50;3,00;4,00;3,00;0,50;1,00;0,50;1,00;0,50;0,00;0,00;0,50;3,00;0,00;0,00
2020-12-27;26,00;18,20;5,20;5,20;0,00;3,00;3,00;4,00;6,00;4,00;4,00;2,00;1,00;2,00;2,00;1,00;2,00;1,00;3,00;4,00;4,00;0,50;0,50;0,50;2,00;0,50;0,50;0,50;0,00;4,00;0,00;0,00
2021-01-03;24,00;21,33;5,33;5,33;0,00;13,00;2,00;4,00;6,00;4,00;4,00;3,00;1,00;3,00;2,00;1,00;1,00;1,00;2,00;3,00;4,00;0,50;1,00;0,50;1,00;0,50;0,50;0,50;0,00;1,00;0,50;0,00
2021-01-10;18,00;15,43;2,57;5,14;0,50;14,00;3,00;3,00;6,00;4,00;5,00;2,00;1,00;2,00;2,00;1,00;2,00;1,00;2,00;3,00;3,00;0,00;1,00;0,50;1,00;0,00;0,50;0,50;0,00;1,00;0,50;0,50
2021-01-17;19,00;19,00;5,43;5,43;0,00;12,00;2,00;4,00;5,00;5,00;3,00;2,00;2,00;4,00;2,00;1,00;2,00;1,00;2,00;2,00;2,00;0,00;0,50;0,00;1,00;0,00;0,00;0,00;0,00;1,00;0,00;0,00
2021-01-24;22,00;16,50;2,75;5,50;0,50;6,00;2,00;3,00;7,00;3,00;3,00;1,00;0,00;4,00;2,00;0,50;3,00;1,00;4,00;4,00;4,00;0,50;0,00;0,50;1,00;0,00;0,50;0,50;0,00;3,00;0,00;0,50
2021-01-31;14,00;16,80;2,80;5,60;0,00;5,00;2,00;3,00;5,00;4,00;3,00;1,00;2,00;4,00;2,00;0,50;3,00;1,00;1,00;2,00;3,00;0,00;0,50;0,00;1,00;0,00;0,00;1,00;0,00;1,00;0,00;0,00
2021-02-07;19,00;16,29;2,71;5,43;0,00;4,00;2,00;2,00;6,00;5,00;2,00;2,00;1,00;4,00;2,00;1,00;2,00;0,50;4,00;2,00;2,00;1,00;1,00;0,50;1,00;1,00;0,00;0,50;0,00;2,00;0,00;0,50
2021-02-14;19,00;13,57;5,43;5,43;0,00;5,00;1,00;1,00;5,00;4,00;2,00;2,00;1,00;4,00;2,00;1,00;2,00;1,00;2,00;3,00;2,00;0,00;1,00;0,00;1,00;0,50;0,50;0,50;0,00;3,00;0,00;0,00
2021-02-21;17,00;17,00;2,83;2,83;0,00;5,00;1,00;4,00;5,00;4,00;1,00;2,00;1,00;3,00;2,00;1,00;3,00;1,00;3,00;2,00;11,00;0,00;1,00;0,50;1,00;1,00;0,50;0,50;0,00;3,00;0,00;0,00
2021-02-28;15,00;12,50;2,50;5,00;1,00;5,00;2,00;2,00;6,00;4,00;2,00;1,00;1,00;4,00;2,00;0,00;3,00;1,00;2,00;2,00;3,00;0,00;1,00;0,00;1,00;0,00;0,00;0,50;0,00;1,00;0,00;0,00
2021-03-07;19,00;19,00;2,71;2,71;0,50;4,00;1,00;4,00;4,00;5,00;3,00;2,00;3,00;3,00;3,00;1,00;2,00;1,00;2,00;1,00;2,00;0,50;0,50;0,50;1,00;0,50;0,00;0,50;0,00;1,00;0,50;0,00
2021-03-14;21,00;15,75;2,63;7,88;0,00;6,00;2,00;3,00;8,00;5,00;2,00;1,00;1,00;4,00;2,00;0,50;2,00;1,00;3,00;2,00;2,00;0,50;0,50;0,50;1,00;0,50;0,00;0,50;0,00;2,00;0,00;0,00
2021-03-21;20,00;17,14;2,86;5,71;0,50;6,00;2,00;3,00;6,00;5,00;4,00;2,00;2,00;4,00;2,00;0,50;2,00;1,00;2,00;3,00;2,00;0,50;0,50;0,00;1,00;0,50;0,00;0,50;0,00;2,00;0,50;0,00
2021-03-28;21,00;13,13;5,25;5,25;0,00;6,00;2,00;4,00;4,00;5,00;3,00;1,00;1,00;3,00;1,00;1,00;2,00;1,00;4,00;1,00;3,00;0,50;0,50;0,50;1,00;1,00;0,00;0,00;0,50;1,00;0,00;0,00
2021-04-04;20,00;12,50;1,25;5,00;0,00;7,00;3,00;3,00;4,00;4,00;4,00;2,00;1,00;5,00;1,00;0,50;1,00;2,00;5,00;3,00;3,00;0,50;1,00;0,00;1,00;0,50;0,00;0,50;0,50;2,00;0,50;0,00
2021-04-11;30,00;21,82;5,45;5,45;0,00;9,00;3,00;3,00;6,00;5,00;3,00;1,00;1,00;3,00;2,00;1,00;2,00;1,00;3,00;2,00;2,00;0,00;0,50;0,50;1,00;0,50;0,50;0,50;0,00;3,00;0,00;0,00
2021-04-18;22,00;16,50;2,75;8,25;0,50;5,00;2,00;2,00;6,00;4,00;3,00;1,00;1,00;4,00;4,00;1,00;3,00;1,00;3,00;1,00;3,00;0,00;1,00;0,50;1,00;0,50;0,00;0,50;0,00;1,00;0,00;0,00
2021-04-25;22,00;16,50;5,50;5,50;0,50;9,00;3,00;3,00;5,00;4,00;3,00;2,00;1,00;5,00;1,00;1,00;3,00;1,00;7,00;3,00;3,00;1,00;1,00;1,00;1,00;1,00;0,50;0,50;0,00;2,00;0,00;0,00
2021-05-02;20,00;20,00;5,71;8,57;0,50;23,00;3,00;4,00;5,00;3,00;2,00;1,00;1,00;4,00;2,00;1,00;1,00;1,00;4,00;1,00;3,00;1,00;1,00;0,50;1,00;0,50;0,00;0,00;0,00;1,00;0,00;0,00
2021-05-09;21,00;18,38;2,63;7,88;0,50;11,00;4,00;4,00;8,00;3,00;4,00;2,00;1,00;5,00;3,00;1,00;2,00;1,00;3,00;2,00;4,00;1,00;0,50;0,00;1,00;0,50;0,00;0,50;0,50;2,00;0,00;0,00
2021-05-16;19,00;19,00;5,43;8,14;0,00;7,00;3,00;5,00;5,00;4,00;4,00;2,00;1,00;5,00;3,00;5,00;3,00;1,00;4,00;2,00;3,00;0,50;34,00;0,00;1,00;1,00;0,00;0,00;0,00;6,00;0,50;0,00
2021-05-23;18,00;18,00;5,14;7,71;0,00;8,00;4,00;3,00;5,00;4,00;3,00;3,00;1,00;5,00;2,00;1,00;3,00;2,00;6,00;3,00;2,00;0,00;2,00;1,00;1,00;1,00;0,00;0,50;0,50;4,00;0,00;0,00
2021-05-30;24,00;29,33;5,33;10,67;0,50;7,00;5,00;4,00;6,00;4,00;3,00;3,00;1,00;5,00;2,00;1,00;2,00;1,00;5,00;2,00;4,00;1,00;1,00;0,00;2,00;0,50;0,50;0,50;0,00;3,00;0,00;0,50
2021-06-06;19,00;27,14;5,43;13,57;0,50;9,00;5,00;4,00;5,00;5,00;3,00;4,00;1,00;8,00;3,00;1,00;3,00;1,00;5,00;2,00;4,00;0,50;1,00;1,00;1,00;1,00;0,50;1,00;0,50;3,00;0,50;0,50
2021-06-13;32,00;26,67;8,00;13,33;1,00;9,00;4,00;4,00;13,00;5,00;6,00;3,00;1,00;9,00;2,00;1,00;4,00;2,00;6,00;2,00;4,00;0,50;1,00;0,50;1,00;0,50;0,50;0,50;0,50;3,00;0,00;0,00
2021-06-20;26,00;28,60;7,80;13,00;1,00;9,00;8,00;6,00;9,00;6,00;7,00;3,00;2,00;8,00;3,00;1,00;2,00;2,00;6,00;4,00;4,00;2,00;1,00;1,00;2,00;1,00;0,00;0,00;0,00;3,00;0,00;0,50
2021-06-27;24,00;32,00;8,00;16,00;0,00;10,00;5,00;5,00;9,00;8,00;8,00;5,00;1,00;7,00;5,00;1,00;4,00;1,00;9,00;3,00;4,00;1,00;1,00;0,50;1,00;1,00;0,00;1,00;0,50;3,00;0,00;0,00
